,start,end,days
0,0,1125,1
1,1,1126,1
2,2,1127,1
3,3,1128,1
4,4,1129,1
5,5,1130,1
6,6,1131,1
7,7,1132,1
8,8,1133,1
9,9,1134,1
10,10,1135,1
11,11,1136,1
12,12,1137,1
13,13,1134,1
14,14,1138,1
15,15,1134,1
16,16,1139,1
17,17,1140,1
18,18,1141,1
19,19,1142,1
20,20,1143,1
21,21,1144,1
22,22,1145,1
23,23,1146,1
24,24,1147,1
25,25,1148,1
26,26,1133,1
27,27,1149,1
28,28,1150,1
29,29,1151,1
30,30,1152,1
31,31,1153,1
32,32,1125,1
33,33,1154,1
34,34,1155,1
35,35,1156,1
36,36,1157,1
37,37,1158,1
38,38,1159,1
39,39,1160,1
40,40,1161,1
41,13,1162,1
42,41,1140,1
43,42,1163,1
44,8,1164,1
45,43,1165,1
46,44,1166,1
47,26,1167,1
48,45,1133,2
49,25,1168,2
50,46,1169,2
51,47,1166,2
52,48,1170,2
53,49,1171,2
54,26,1172,2
55,50,1173,2
56,51,1156,2
57,52,1174,2
58,53,1175,2
59,54,1176,2
60,55,1177,2
61,33,1178,2
62,56,1179,2
63,53,1141,2
64,57,1180,2
65,53,1181,2
66,53,1154,2
67,58,1182,2
68,59,1183,2
69,60,1184,2
70,37,1158,2
71,61,1176,2
72,28,1150,2
73,62,1133,2
74,41,1140,2
75,31,1153,2
76,63,1185,2
77,39,1160,2
78,64,1186,2
79,65,1187,2
80,66,1188,2
81,8,1133,2
82,67,1189,2
83,68,1190,2
84,69,1191,2
85,33,1154,2
86,70,1192,2
87,71,1140,2
88,72,1193,2
89,73,1194,2
90,74,1133,2
91,75,1195,2
92,76,1196,3
93,77,1134,3
94,78,1197,3
95,49,1171,3
96,79,1198,3
97,80,1199,3
98,81,1200,3
99,82,1201,3
100,83,1202,3
101,84,1178,3
102,50,1173,3
103,85,1203,3
104,86,1204,3
105,87,1171,3
106,88,1205,3
107,89,1206,3
108,25,1207,3
109,90,1208,3
110,28,1150,3
111,10,1135,3
112,57,1180,3
113,91,1135,3
114,37,1158,3
115,92,1173,3
116,56,1179,3
117,61,1176,3
118,93,1162,3
119,94,1143,3
120,95,1209,3
121,70,1192,3
122,68,1210,3
123,96,1130,3
124,97,1135,3
125,98,1168,3
126,99,1211,4
127,100,1126,4
128,101,1196,4
129,41,1140,4
130,26,1212,4
131,92,1173,4
132,102,1181,4
133,44,1166,4
134,103,1173,4
135,104,1213,4
136,105,1214,4
137,106,1182,4
138,107,1215,4
139,95,1216,4
140,87,1172,4
141,108,1217,4
142,109,1218,4
143,110,1219,4
144,111,1196,4
145,57,1180,4
146,50,1173,4
147,45,1202,4
148,61,1176,4
149,112,1220,4
150,82,1201,4
151,28,1150,4
152,113,1221,4
153,114,1222,4
154,68,1210,4
155,115,1200,4
156,116,1223,4
157,78,1197,4
158,117,1224,4
159,118,1182,5
160,119,1225,5
161,120,1195,5
162,25,1226,5
163,26,1226,5
164,121,1227,5
165,122,1167,5
166,16,1228,5
167,123,1229,5
168,124,1226,5
169,125,1196,5
170,126,1230,5
171,127,1182,5
172,84,1135,5
173,128,1226,5
174,129,1231,5
175,84,1232,5
176,130,1232,5
177,22,1145,5
178,131,1226,5
179,132,1233,5
180,133,1182,5
181,87,1172,5
182,134,1195,5
183,135,1234,5
184,136,1226,5
185,92,1173,5
186,137,1184,5
187,138,1232,5
188,139,1181,5
189,55,1235,5
190,140,1196,5
191,141,1236,5
192,28,1150,5
193,78,1197,5
194,93,1237,5
195,89,1206,5
196,3,1128,5
197,142,1238,5
198,115,1200,5
199,106,1182,5
200,107,1215,5
201,31,1153,5
202,51,1211,5
203,111,1196,5
204,50,1239,5
205,143,1240,5
206,50,1173,5
207,144,1241,5
208,68,1210,5
209,145,1214,5
210,51,1179,5
211,146,1242,5
212,147,1243,5
213,39,1160,5
214,148,1162,5
215,149,1135,5
216,61,1176,5
217,150,1244,6
218,151,1245,6
219,152,1135,6
220,153,1246,6
221,91,1135,6
222,154,1247,6
223,155,1221,6
224,47,1248,6
225,156,1223,6
226,157,1249,6
227,158,1182,6
228,159,1250,6
229,92,1236,6
230,160,1134,6
231,126,1230,6
232,59,1183,6
233,161,1133,6
234,162,1251,6
235,163,1145,6
236,164,1252,6
237,102,1181,6
238,165,1196,6
239,135,1234,6
240,61,1176,6
241,45,1140,6
242,92,1173,6
243,166,1253,6
244,111,1196,6
245,118,1182,6
246,133,1182,6
247,119,1225,6
248,128,1226,6
249,28,1150,6
250,167,1222,6
251,168,1254,6
252,141,1236,6
253,93,1237,6
254,39,1160,6
255,169,1180,6
256,170,1135,6
257,149,1135,6
258,45,1210,6
259,50,1173,6
260,96,1130,6
261,119,1255,6
262,171,1183,6
263,172,1256,6
264,173,1257,6
265,174,1135,6
266,175,1256,6
267,115,1200,6
268,31,1153,6
269,176,1258,6
270,177,1135,7
271,178,1155,7
272,47,1259,7
273,179,1226,7
274,180,1188,7
275,92,1173,7
276,181,1138,7
277,57,1180,7
278,182,1134,7
279,183,1260,7
280,184,1164,7
281,185,1261,7
282,84,1178,7
283,186,1262,7
284,187,1195,7
285,188,1263,7
286,189,1264,7
287,190,1265,7
288,191,1263,7
289,192,1266,7
290,102,1181,7
291,171,1183,7
292,28,1150,7
293,168,1254,7
294,39,1160,7
295,169,1180,7
296,161,1133,7
297,193,1267,7
298,194,1268,7
299,195,1269,7
300,146,1270,7
301,196,1271,7
302,197,1224,7
303,111,1196,7
304,147,1243,7
305,126,1230,7
306,198,1272,7
307,199,1273,7
308,200,1274,8
309,201,1275,8
310,202,1276,8
311,203,1171,8
312,204,1277,8
313,9,1134,8
314,58,1182,8
315,205,1278,8
316,206,1196,8
317,207,1279,8
318,198,1272,8
319,184,1164,8
320,61,1176,8
321,208,1278,8
322,209,1280,8
323,31,1153,8
324,34,1155,8
325,92,1173,8
326,210,1281,8
327,115,1200,8
328,43,1165,8
329,211,1282,8
330,212,1272,8
331,22,1145,8
332,213,1195,8
333,214,1283,8
334,215,1284,8
335,216,1135,8
336,217,1256,8
337,182,1134,8
338,187,1226,8
339,191,1263,8
340,188,1263,8
341,218,1147,8
342,178,1155,8
343,111,1196,8
344,219,1285,8
345,171,1183,8
346,220,1286,8
347,221,1287,8
348,222,1175,8
349,223,1288,8
350,224,1289,8
351,225,1290,8
352,159,1291,8
353,185,1292,8
354,220,1293,9
355,67,1294,9
356,226,1295,9
357,227,1296,9
358,228,1155,9
359,229,1297,9
360,26,1298,9
361,230,1163,9
362,92,1173,9
363,231,1222,9
364,220,1299,9
365,157,1300,9
366,232,1241,9
367,233,1301,9
368,234,1196,9
369,17,1181,9
370,57,1180,9
371,22,1145,9
372,235,1302,9
373,236,1284,9
374,225,1290,9
375,17,1285,9
376,237,1303,9
377,184,1164,9
378,238,1304,9
379,34,1155,9
380,17,1140,9
381,239,1305,9
382,239,1306,9
383,198,1272,9
384,240,1307,9
385,115,1200,9
386,219,1285,9
387,33,1178,9
388,241,1216,9
389,31,1153,9
390,218,1147,9
391,92,1225,9
392,207,1279,9
393,199,1273,9
394,242,1219,9
395,25,1188,9
396,243,1308,9
397,200,1135,9
398,214,1283,9
399,244,1168,9
400,48,1170,9
401,204,1277,9
402,57,1309,9
403,43,1165,9
404,211,1282,9
405,245,1169,9
406,246,1310,9
407,25,1164,10
408,211,1282,10
409,247,1311,10
410,239,1312,10
411,219,1285,10
412,107,1215,10
413,229,1245,10
414,248,1313,10
415,198,1272,10
416,243,1308,10
417,249,1155,10
418,250,1314,10
419,251,1196,10
420,252,1315,10
421,253,1203,10
422,157,1300,10
423,16,1316,10
424,17,1317,10
425,239,1295,10
426,17,1180,10
427,254,1318,10
428,239,1319,10
429,204,1277,10
430,200,1274,10
431,255,1318,10
432,256,1320,10
433,17,1321,10
434,257,1292,10
435,220,1293,10
436,57,1180,10
437,237,1303,10
438,115,1200,10
439,92,1236,10
440,226,1295,10
441,225,1290,10
442,239,1227,10
443,239,1155,10
444,26,1261,10
445,239,1283,10
446,246,1310,10
447,31,1153,10
448,78,1197,10
449,258,1322,10
450,50,1304,10
451,259,1193,10
452,22,1145,10
453,260,1323,10
454,239,1183,10
455,200,1135,10
456,17,1324,10
457,233,1301,10
458,261,1325,10
459,262,1326,10
460,263,1327,11
461,264,1219,11
462,188,1276,11
463,265,1243,11
464,53,1328,11
465,266,1305,11
466,267,1271,11
467,53,1329,11
468,53,1296,11
469,268,1328,11
470,161,1133,11
471,269,1219,11
472,270,1330,11
473,202,1276,11
474,270,1331,11
475,271,1266,11
476,272,1321,11
477,273,1203,11
478,274,1332,11
479,39,1160,11
480,275,1333,11
481,211,1282,11
482,276,1303,11
483,233,1301,11
484,204,1277,11
485,277,1264,11
486,239,1295,11
487,247,1311,11
488,219,1285,11
489,226,1295,11
490,22,1145,11
491,278,1334,11
492,199,1273,11
493,31,1153,11
494,188,1335,11
495,279,1141,11
496,157,1300,11
497,280,1245,11
498,17,1295,11
499,26,1219,11
500,26,1336,12
501,281,1278,12
502,282,1337,12
503,84,1178,12
504,283,1338,12
505,284,1339,12
506,285,1198,12
507,273,1203,12
508,286,1340,12
509,287,1196,12
510,288,1266,12
511,289,1188,12
512,290,1341,12
513,291,1163,12
514,292,1182,12
515,293,1291,12
516,294,1196,12
517,295,1342,12
518,296,1343,12
519,297,1283,12
520,298,1267,12
521,297,1344,12
522,299,1319,12
523,219,1285,12
524,16,1316,12
525,225,1290,12
526,300,1161,12
527,301,1169,12
528,186,1262,12
529,210,1281,12
530,268,1328,12
531,111,1196,12
532,269,1219,12
533,26,1345,12
534,200,1135,12
535,302,1179,12
536,266,1305,12
537,45,1254,12
538,303,1346,12
539,248,1244,12
540,304,1347,12
541,199,1348,12
542,220,1299,12
543,202,1276,12
544,235,1265,12
545,12,1265,12
546,220,1293,12
547,305,1202,12
548,306,1331,12
549,291,1254,12
550,233,1301,12
551,157,1300,12
552,185,1292,13
553,307,1302,13
554,308,1302,13
555,309,1197,13
556,71,1140,13
557,310,1349,13
558,311,1350,13
559,312,1351,13
560,45,1196,13
561,313,1155,13
562,16,1228,13
563,268,1328,13
564,194,1268,13
565,45,1321,13
566,35,1156,13
567,295,1342,13
568,314,1217,13
569,315,1352,13
570,316,1353,13
571,317,1133,13
572,318,1179,13
573,319,1354,13
574,320,1265,13
575,317,1355,13
576,225,1290,13
577,321,1302,13
578,264,1219,13
579,317,1356,13
580,280,1245,13
581,266,1305,13
582,322,1302,13
583,275,1333,13
584,220,1293,13
585,287,1196,13
586,233,1301,13
587,298,1267,13
588,112,1220,13
589,323,1136,13
590,324,1351,13
591,325,1357,13
592,243,1308,13
593,211,1282,13
594,303,1346,13
595,326,1140,13
596,219,1285,13
597,327,1340,13
598,299,1319,13
599,328,1358,13
600,329,1359,13
601,290,1341,13
602,330,1261,13
603,331,1278,13
604,332,1265,13
605,333,1196,13
606,334,1301,13
607,47,1358,13
608,335,1216,13
609,336,1321,13
610,337,1261,13
611,338,1261,13
612,324,1360,13
613,41,1140,14
614,339,1345,14
615,340,1361,14
616,341,1188,14
617,342,1142,14
618,343,1244,14
619,266,1305,14
620,295,1169,14
621,344,1361,14
622,345,1352,14
623,303,1346,14
624,346,1362,14
625,320,1265,14
626,347,1278,14
627,326,1140,14
628,64,1186,14
629,348,1196,14
630,349,1196,14
631,346,1282,14
632,350,1363,14
633,351,1248,14
634,220,1299,14
635,352,1139,14
636,353,1364,14
637,354,1182,14
638,312,1351,14
639,317,1352,14
640,219,1285,14
641,35,1156,14
642,317,1365,14
643,284,1339,14
644,226,1295,14
645,355,1141,14
646,316,1353,14
647,310,1349,14
648,194,1268,14
649,356,1234,14
650,268,1328,14
651,290,1341,14
652,269,1219,14
653,157,1300,14
654,317,1179,14
655,357,1139,14
656,317,1164,14
657,358,1366,14
658,299,1319,14
659,174,1135,14
660,169,1180,14
661,359,1343,14
662,295,1342,14
663,360,1354,14
664,185,1256,14
665,102,1181,15
666,361,1367,15
667,362,1225,15
668,363,1330,15
669,364,1154,15
670,365,1368,15
671,366,1126,15
672,367,1161,15
673,368,1369,15
674,241,1216,15
675,369,1155,15
676,370,1181,15
677,371,1370,15
678,372,1284,15
679,330,1371,15
680,373,1372,15
681,374,1196,15
682,375,1373,15
683,376,1374,15
684,377,1214,15
685,303,1219,15
686,287,1196,15
687,16,1347,15
688,373,1365,15
689,361,1259,15
690,326,1375,15
691,220,1293,15
692,298,1267,15
693,284,1339,15
694,316,1353,15
695,64,1186,15
696,226,1295,15
697,333,1196,15
698,169,1180,15
699,290,1341,15
700,275,1333,15
701,378,1333,15
702,345,1376,15
703,278,1334,15
704,45,1319,15
705,266,1305,15
706,16,1228,15
707,379,1342,15
708,256,1320,15
709,380,1377,15
710,354,1182,15
711,198,1272,15
712,346,1282,15
713,307,1302,15
714,381,1378,15
715,41,1140,15
716,382,1182,15
717,45,1142,15
718,383,1379,15
719,384,1138,16
720,385,1196,16
721,16,1380,16
722,71,1140,16
723,367,1161,16
724,316,1353,16
725,169,1180,16
726,386,1214,16
727,387,1381,16
728,388,1382,16
729,78,1197,16
730,389,1135,16
731,381,1378,16
732,390,1383,16
733,391,1321,16
734,392,1384,16
735,393,1385,16
736,394,1363,16
737,323,1136,16
738,395,1280,16
739,353,1364,16
740,25,1216,16
741,396,1386,16
742,397,1216,16
743,252,1315,16
744,220,1286,16
745,45,1328,16
746,398,1195,16
747,399,1328,16
748,400,1170,16
749,368,1369,16
750,284,1339,16
751,275,1333,16
752,287,1196,16
753,371,1370,16
754,220,1293,16
755,266,1305,16
756,389,1126,16
757,226,1295,16
758,399,1199,16
759,41,1140,16
760,194,1268,16
761,369,1155,16
762,344,1361,16
763,107,1215,16
764,380,1377,16
765,401,1387,16
766,344,1190,16
767,399,1295,16
768,402,1381,16
769,403,1388,16
770,198,1272,16
771,404,1161,16
772,212,1139,16
773,405,1130,16
774,376,1374,16
775,406,1318,17
776,326,1140,17
777,28,1150,17
778,407,1389,17
779,406,1302,17
780,408,1154,17
781,409,1265,17
782,410,1219,17
783,411,1390,17
784,412,1318,17
785,60,1184,17
786,392,1384,17
787,413,1391,17
788,414,1318,17
789,415,1265,17
790,416,1244,17
791,417,1392,17
792,418,1393,17
793,406,1265,17
794,419,1370,17
795,420,1196,17
796,421,1344,17
797,422,1164,17
798,423,1394,17
799,307,1318,17
800,424,1302,17
801,215,1284,17
802,424,1318,17
803,219,1285,17
804,114,1222,17
805,2,1395,17
806,425,1168,17
807,426,1396,17
808,427,1216,17
809,312,1360,17
810,428,1397,17
811,66,1190,17
812,64,1186,17
813,25,1345,17
814,429,1226,17
815,397,1216,17
816,250,1314,17
817,396,1386,17
818,266,1305,17
819,430,1398,17
820,220,1286,17
821,401,1387,17
822,323,1136,17
823,252,1315,17
824,316,1353,17
825,431,1324,17
826,130,1130,17
827,353,1364,17
828,426,1399,17
829,107,1215,17
830,432,1143,17
831,426,1400,17
832,148,1162,17
833,433,1375,17
834,434,1401,17
835,66,1361,17
836,435,1208,17
837,436,1402,17
838,437,1126,17
839,194,1268,17
840,438,1175,17
841,272,1321,17
842,327,1340,18
843,439,1403,18
844,440,1404,18
845,45,1180,18
846,441,1302,18
847,442,1405,18
848,94,1143,18
849,194,1268,18
850,443,1403,18
851,444,1211,18
852,445,1406,18
853,45,1243,18
854,446,1340,18
855,447,1181,18
856,448,1318,18
857,135,1234,18
858,449,1318,18
859,450,1313,18
860,95,1216,18
861,451,1137,18
862,452,1334,18
863,311,1350,18
864,433,1407,18
865,453,1408,18
866,156,1223,18
867,454,1179,18
868,455,1388,18
869,456,1170,18
870,106,1318,18
871,457,1318,18
872,458,1409,18
873,459,1318,18
874,371,1370,18
875,299,1319,18
876,460,1318,18
877,30,1152,18
878,461,1302,18
879,462,1302,18
880,435,1208,18
881,327,1167,18
882,463,1217,18
883,464,1275,18
884,316,1353,18
885,397,1216,18
886,438,1175,18
887,307,1318,18
888,392,1216,18
889,70,1192,18
890,28,1150,18
891,465,1358,18
892,423,1367,18
893,466,1410,18
894,416,1244,18
895,467,1210,18
896,406,1318,18
897,427,1216,18
898,433,1375,18
899,381,1378,18
900,468,1371,18
901,469,1393,18
902,447,1267,18
903,418,1393,18
904,470,1192,18
905,471,1352,18
906,396,1386,18
907,472,1302,18
908,473,1224,18
909,356,1234,18
910,269,1341,18
911,474,1318,18
912,407,1389,18
913,475,1241,18
914,415,1265,18
915,476,1259,18
916,290,1341,18
917,447,1243,18
918,366,1352,18
919,470,1222,18
920,477,1167,18
921,478,1372,18
922,211,1282,18
923,479,1318,19
924,33,1254,19
925,130,1130,19
926,480,1411,19
927,435,1208,19
928,481,1169,19
929,186,1262,19
930,482,1291,19
931,483,1412,19
932,353,1364,19
933,220,1293,19
934,484,1182,19
935,485,1165,19
936,486,1194,19
937,397,1216,19
938,487,1318,19
939,488,1318,19
940,380,1377,19
941,489,1318,19
942,254,1318,19
943,490,1413,19
944,491,1381,19
945,426,1400,19
946,492,1318,19
947,493,1318,19
948,494,1414,19
949,495,1318,19
950,496,1415,19
951,497,1416,19
952,235,1302,19
953,427,1216,19
954,498,1138,19
955,499,1318,19
956,263,1327,19
957,500,1293,19
958,501,1417,19
959,502,1418,19
960,194,1268,19
961,361,1131,19
962,503,1318,19
963,406,1318,19
964,442,1405,19
965,504,1419,19
966,505,1318,19
967,474,1318,19
968,506,1265,19
969,454,1420,19
970,507,1421,19
971,115,1200,19
972,508,1422,19
973,485,1423,19
974,509,1165,19
975,510,1302,19
976,511,1424,19
977,512,1425,19
978,513,1265,19
979,514,1412,19
980,515,1278,19
981,316,1353,19
982,516,1274,19
983,517,1371,19
984,518,1302,19
985,454,1203,19
986,478,1372,19
987,454,1179,19
988,454,1133,19
989,454,1426,19
990,519,1427,20
991,520,1428,20
992,476,1429,20
993,194,1268,20
994,521,1302,20
995,426,1400,20
996,522,1194,20
997,435,1208,20
998,381,1378,20
999,480,1411,20
1000,523,1389,20
1001,524,1430,20
1002,486,1194,20
1003,447,1278,20
1004,525,1412,20
1005,311,1350,20
1006,263,1327,20
1007,526,1318,20
1008,527,1431,20
1009,528,1423,20
1010,484,1182,20
1011,529,1421,20
1012,240,1307,20
1013,530,1432,20
1014,531,1134,20
1015,411,1390,20
1016,532,1161,20
1017,410,1433,20
1018,533,1434,20
1019,534,1435,20
1020,535,1318,20
1021,536,1318,20
1022,537,1436,20
1023,316,1353,20
1024,26,1389,20
1025,538,1318,20
1026,494,1414,20
1027,397,1216,20
1028,514,1412,20
1029,298,1267,20
1030,169,1180,20
1031,328,1358,20
1032,539,1437,20
1033,96,1130,20
1034,380,1377,20
1035,540,1438,20
1036,490,1318,20
1037,541,1318,20
1038,115,1200,20
1039,542,1318,20
1040,64,1186,20
1041,305,1202,20
1042,508,1422,20
1043,543,1389,20
1044,544,1291,20
1045,545,1439,20
1046,546,1440,20
1047,78,1197,20
1048,264,1441,20
1049,547,1442,20
1050,484,1443,20
1051,324,1360,20
1052,220,1286,20
1053,484,1433,20
1054,548,1419,20
1055,378,1333,20
1056,498,1138,20
1057,194,1268,21
1058,549,1413,21
1059,550,1284,21
1060,433,1375,21
1061,435,1208,21
1062,186,1262,21
1063,152,1318,21
1064,95,1216,21
1065,220,1299,21
1066,551,1204,21
1067,552,1318,21
1068,553,1318,21
1069,554,1169,21
1070,361,1318,21
1071,3,1128,21
1072,555,1444,21
1073,556,1318,21
1074,557,1269,21
1075,160,1134,21
1076,555,1324,21
1077,135,1234,21
1078,558,1445,21
1079,559,1138,21
1080,560,1309,21
1081,561,1356,21
1082,33,1378,21
1083,562,1446,21
1084,74,1447,21
1085,563,1177,21
1086,258,1322,21
1087,132,1296,21
1088,564,1325,21
1089,174,1135,21
1090,565,1342,21
1091,91,1135,21
1092,566,1302,21
1093,447,1297,21
1094,540,1438,21
1095,285,1177,21
1096,551,1398,21
1097,567,1318,21
1098,514,1378,21
1099,568,1164,21
1100,115,1200,21
1101,306,1448,21
1102,447,1329,21
1103,328,1358,21
1104,569,1295,21
1105,427,1216,21
1106,480,1411,21
1107,397,1216,21
1108,521,1265,21
1109,508,1422,21
1110,534,1435,21
1111,526,1318,21
1112,570,1291,21
1113,380,1377,21
1114,397,1318,21
1115,316,1353,21
1116,311,1350,21
1117,86,1204,21
1118,368,1369,21
1119,51,1405,21
1120,571,1318,21
1121,474,1318,21
1122,572,1449,21
1123,573,1450,21
1124,532,1161,21
1125,514,1412,21
1126,574,1451,21
1127,426,1400,21
1128,396,1386,21
1129,575,1194,21
1130,266,1305,21
1131,576,1235,21
1132,527,1431,21
1133,130,1130,21
1134,577,1352,21
1135,578,1318,22
1136,381,1378,22
1137,380,1377,22
1138,397,1216,22
1139,579,1452,22
1140,11,1437,22
1141,580,1239,22
1142,581,1358,22
1143,409,1265,22
1144,582,1306,22
1145,580,1304,22
1146,521,1302,22
1147,583,1321,22
1148,434,1401,22
1149,115,1200,22
1150,44,1166,22
1151,584,1264,22
1152,45,1358,22
1153,585,1453,22
1154,310,1349,22
1155,586,1309,22
1156,587,1454,22
1157,588,1455,22
1158,325,1357,22
1159,516,1302,22
1160,247,1311,22
1161,336,1321,22
1162,589,1372,22
1163,590,1372,22
1164,485,1423,22
1165,591,1456,22
1166,142,1302,22
1167,592,1457,22
1168,427,1216,22
1169,593,1458,22
1170,220,1286,22
1171,594,1130,22
1172,523,1459,22
1173,595,1265,22
1174,596,1196,22
1175,266,1305,22
1176,35,1156,22
1177,258,1322,22
1178,264,1441,22
1179,3,1128,22
1180,132,1233,22
1181,597,1222,22
1182,45,1447,22
1183,508,1422,22
1184,31,1153,22
1185,565,1342,22
1186,598,1193,22
1187,513,1302,22
1188,160,1134,22
1189,132,1460,22
1190,45,1318,22
1191,561,1356,22
1192,501,1417,22
1193,404,1161,22
1194,599,1130,22
1195,600,1461,22
1196,566,1302,22
1197,316,1353,22
1198,601,1302,22
1199,602,1168,22
1200,199,1273,22
1201,507,1421,22
1202,368,1369,22
1203,603,1210,22
1204,604,1133,22
1205,64,1186,23
1206,243,1159,23
1207,520,1428,23
1208,605,1462,23
1209,249,1463,23
1210,606,1464,23
1211,220,1286,23
1212,3,1128,23
1213,527,1431,23
1214,127,1182,23
1215,547,1442,23
1216,607,1465,23
1217,490,1381,23
1218,608,1421,23
1219,369,1358,23
1220,572,1466,23
1221,609,1439,23
1222,610,1193,23
1223,611,1210,23
1224,612,1461,23
1225,130,1130,23
1226,47,1358,23
1227,220,1293,23
1228,613,1467,23
1229,614,1222,23
1230,465,1358,23
1231,513,1265,23
1232,597,1222,23
1233,615,1318,23
1234,616,1264,23
1235,514,1412,23
1236,336,1321,23
1237,617,1206,23
1238,580,1225,23
1239,115,1200,23
1240,580,1468,23
1241,442,1405,23
1242,523,1413,23
1243,402,1413,23
1244,600,1461,23
1245,618,1137,23
1246,508,1422,23
1247,434,1401,23
1248,45,1318,23
1249,619,1262,23
1250,273,1203,23
1251,311,1350,23
1252,620,1183,23
1253,380,1377,23
1254,621,1469,23
1255,622,1214,23
1256,404,1161,23
1257,586,1309,23
1258,623,1318,23
1259,35,1156,23
1260,624,1412,23
1261,561,1356,23
1262,625,1262,23
1263,381,1378,23
1264,530,1432,23
1265,142,1318,24
1266,45,1306,24
1267,626,1470,24
1268,627,1471,24
1269,84,1178,24
1270,269,1318,24
1271,27,1149,24
1272,566,1302,24
1273,598,1126,24
1274,597,1222,24
1275,628,1314,24
1276,629,1472,24
1277,630,1473,24
1278,631,1474,24
1279,534,1435,24
1280,387,1381,24
1281,632,1475,24
1282,633,1476,24
1283,39,1477,24
1284,91,1135,24
1285,25,1167,24
1286,142,1238,24
1287,634,1318,24
1288,635,1318,24
1289,17,1178,24
1290,636,1318,24
1291,17,1296,24
1292,480,1411,24
1293,34,1155,24
1294,637,1239,24
1295,25,1149,24
1296,171,1183,24
1297,6,1131,24
1298,613,1467,24
1299,115,1200,24
1300,606,1464,24
1301,3,1128,24
1302,638,1478,24
1303,380,1377,24
1304,508,1422,24
1305,600,1461,24
1306,639,1318,24
1307,608,1383,24
1308,640,1479,24
1309,82,1201,24
1310,64,1186,24
1311,16,1380,24
1312,220,1293,24
1313,641,1135,24
1314,45,1222,24
1315,442,1405,24
1316,513,1265,24
1317,561,1356,24
1318,29,1151,24
1319,642,1276,24
1320,612,1461,24
1321,530,1432,24
1322,78,1197,24
1323,336,1321,24
1324,643,1358,24
1325,35,1156,24
1326,644,1305,24
1327,25,1253,25
1328,645,1273,25
1329,408,1154,25
1330,404,1480,25
1331,646,1134,25
1332,606,1464,25
1333,141,1236,25
1334,26,1253,25
1335,41,1140,25
1336,647,1166,25
1337,648,1481,25
1338,649,1449,25
1339,650,1346,25
1340,651,1482,25
1341,652,1302,25
1342,181,1302,25
1343,653,1346,25
1344,654,1483,25
1345,643,1210,25
1346,437,1126,25
1347,655,1210,25
1348,444,1211,25
1349,656,1431,25
1350,615,1484,25
1351,657,1275,25
1352,115,1200,25
1353,220,1293,25
1354,534,1435,25
1355,171,1183,25
1356,29,1151,25
1357,658,1448,25
1358,106,1182,25
1359,632,1475,25
1360,659,1372,25
1361,404,1161,25
1362,3,1128,25
1363,45,1318,25
1364,660,1282,25
1365,39,1477,25
1366,508,1422,25
1367,480,1411,25
1368,661,1372,25
1369,662,1221,25
1370,35,1156,25
1371,663,1457,26
1372,664,1269,26
1373,258,1395,26
1374,186,1262,26
1375,214,1283,26
1376,566,1302,26
1377,665,1338,26
1378,666,1302,26
1379,667,1443,26
1380,668,1374,26
1381,669,1165,26
1382,157,1249,26
1383,670,1318,26
1384,671,1239,26
1385,672,1219,26
1386,673,1137,26
1387,58,1485,26
1388,44,1166,26
1389,671,1225,26
1390,244,1168,26
1391,426,1400,26
1392,394,1313,26
1393,264,1441,26
1394,674,1165,26
1395,675,1486,26
1396,480,1411,26
1397,597,1222,26
1398,650,1445,26
1399,404,1480,26
1400,268,1328,26
1401,29,1151,26
1402,531,1134,26
1403,427,1318,26
1404,676,1210,26
1405,677,1161,26
1406,187,1195,26
1407,454,1437,26
1408,648,1481,26
1409,41,1140,26
1410,678,1250,26
1411,132,1233,26
1412,198,1272,26
1413,679,1381,26
1414,238,1404,26
1415,3,1128,26
1416,28,1150,26
1417,680,1457,26
1418,35,1156,26
1419,681,1333,26
1420,408,1154,26
1421,682,1487,27
1422,683,1269,27
1423,26,1269,27
1424,25,1487,27
1425,223,1288,27
1426,684,1487,27
1427,520,1428,27
1428,458,1409,27
1429,145,1269,27
1430,667,1439,27
1431,480,1411,27
1432,41,1140,27
1433,145,1487,27
1434,403,1376,27
1435,685,1347,27
1436,37,1158,27
1437,310,1349,27
1438,686,1428,27
1439,214,1283,27
1440,687,1487,27
1441,163,1145,27
1442,403,1408,27
1443,115,1200,27
1444,688,1169,27
1445,404,1480,27
1446,689,1324,27
1447,68,1210,27
1448,675,1486,27
1449,100,1126,27
1450,238,1404,27
1451,147,1243,27
1452,690,1138,27
1453,211,1282,27
1454,685,1228,27
1455,258,1395,27
1456,401,1387,27
1457,409,1265,27
1458,268,1328,27
1459,691,1488,27
1460,640,1398,27
1461,692,1489,27
1462,159,1250,27
1463,667,1443,27
1464,198,1272,27
1465,671,1225,27
1466,693,1490,28
1467,694,1161,28
1468,695,1491,28
1469,39,1477,28
1470,696,1296,28
1471,12,1265,28
1472,655,1210,28
1473,697,1492,28
1474,504,1419,28
1475,209,1280,28
1476,426,1400,28
1477,698,1173,28
1478,698,1225,28
1479,699,1318,28
1480,206,1137,28
1481,206,1196,28
1482,643,1203,28
1483,207,1279,28
1484,401,1387,28
1485,700,1258,28
1486,490,1413,28
1487,701,1210,28
1488,117,1224,28
1489,702,1324,28
1490,268,1328,28
1491,703,1249,28
1492,577,1136,28
1493,26,1297,28
1494,704,1493,28
1495,404,1480,28
1496,258,1395,28
1497,37,1158,28
1498,705,1250,28
1499,148,1162,28
1500,706,1324,28
1501,458,1409,28
1502,707,1279,28
1503,171,1183,28
1504,708,1494,28
1505,648,1481,28
1506,117,1292,28
1507,29,1151,28
1508,709,1135,28
1509,710,1361,28
1510,458,1237,28
1511,711,1241,28
1512,191,1263,28
1513,41,1140,28
1514,282,1337,28
1515,480,1411,28
1516,712,1135,28
1517,713,1302,28
1518,82,1201,29
1519,714,1296,29
1520,49,1172,29
1521,565,1342,29
1522,632,1475,29
1523,29,1151,29
1524,258,1395,29
1525,715,1482,29
1526,502,1208,29
1527,427,1216,29
1528,376,1374,29
1529,332,1302,29
1530,716,1302,29
1531,207,1279,29
1532,717,1368,29
1533,718,1495,29
1534,719,1496,29
1535,427,1487,29
1536,720,1219,29
1537,721,1497,29
1538,722,1182,29
1539,723,1498,29
1540,724,1130,29
1541,725,1487,29
1542,12,1302,29
1543,726,1356,29
1544,214,1283,29
1545,727,1437,29
1546,494,1414,29
1547,223,1288,29
1548,728,1499,29
1549,504,1419,29
1550,39,1477,29
1551,729,1500,29
1552,404,1480,29
1553,426,1400,29
1554,401,1387,29
1555,693,1490,29
1556,480,1411,29
1557,37,1158,29
1558,700,1258,29
1559,698,1225,29
1560,91,1135,29
1561,730,1480,29
1562,41,1140,29
1563,426,1399,29
1564,702,1324,29
1565,731,1330,29
1566,147,1243,29
1567,268,1328,29
1568,426,1396,29
1569,16,1228,29
1570,732,1501,30
1571,733,1150,30
1572,734,1134,30
1573,735,1173,30
1574,58,1355,30
1575,736,1380,30
1576,737,1486,30
1577,26,1488,30
1578,738,1492,30
1579,739,1457,30
1580,191,1263,30
1581,740,1488,30
1582,530,1432,30
1583,741,1366,30
1584,738,1502,30
1585,622,1297,30
1586,742,1500,30
1587,347,1267,30
1588,743,1497,30
1589,45,1130,30
1590,347,1278,30
1591,50,1239,30
1592,737,1503,30
1593,50,1304,30
1594,622,1504,30
1595,744,1482,30
1596,157,1300,30
1597,735,1225,30
1598,95,1487,30
1599,745,1488,30
1600,317,1203,30
1601,396,1386,30
1602,746,1249,30
1603,401,1387,30
1604,37,1158,30
1605,29,1151,30
1606,747,1505,30
1607,207,1279,30
1608,258,1395,30
1609,693,1490,30
1610,494,1414,30
1611,748,1130,30
1612,268,1328,30
1613,632,1475,30
1614,749,1506,30
1615,252,1315,30
1616,50,1173,30
1617,724,1130,30
1618,317,1420,30
1619,750,1449,30
1620,520,1473,30
1621,317,1133,30
1622,719,1496,30
1623,751,1486,30
1624,736,1316,30
1625,60,1184,30
1626,752,1507,30
1627,504,1419,30
1628,753,1318,30
1629,754,1224,31
1630,82,1201,31
1631,735,1173,31
1632,210,1281,31
1633,755,1133,31
1634,198,1272,31
1635,756,1297,31
1636,212,1256,31
1637,757,1235,31
1638,758,1384,31
1639,317,1365,31
1640,540,1438,31
1641,759,1193,31
1642,724,1130,31
1643,566,1302,31
1644,199,1348,31
1645,760,1508,31
1646,761,1509,31
1647,92,1236,31
1648,317,1447,31
1649,647,1138,31
1650,317,1250,31
1651,702,1324,31
1652,762,1134,31
1653,317,1355,31
1654,763,1365,31
1655,215,1284,31
1656,764,1437,31
1657,765,1415,31
1658,766,1228,31
1659,159,1250,31
1660,767,1247,31
1661,330,1261,31
1662,693,1490,31
1663,768,1486,31
1664,258,1395,31
1665,769,1510,31
1666,733,1150,31
1667,768,1412,31
1668,214,1283,31
1669,191,1263,31
1670,719,1496,31
1671,737,1486,31
1672,440,1173,31
1673,188,1263,31
1674,37,1158,31
1675,298,1267,31
1676,770,1335,31
1677,268,1328,31
1678,222,1442,31
1679,206,1196,31
1680,771,1318,31
1681,206,1429,31
1682,772,1318,31
1683,773,1511,31
1684,774,1388,31
1685,775,1486,31
1686,50,1304,31
1687,50,1173,31
1688,447,1512,31
1689,212,1380,32
1690,776,1513,32
1691,777,1514,32
1692,206,1196,32
1693,184,1164,32
1694,778,1488,32
1695,650,1346,32
1696,92,1236,32
1697,239,1438,32
1698,658,1448,32
1699,92,1239,32
1700,265,1243,32
1701,16,1261,32
1702,779,1188,32
1703,780,1285,32
1704,647,1515,32
1705,3,1128,32
1706,87,1171,32
1707,781,1287,32
1708,782,1516,32
1709,783,1517,32
1710,784,1131,32
1711,45,1346,32
1712,239,1160,32
1713,443,1403,32
1714,239,1240,32
1715,280,1245,32
1716,239,1132,32
1717,29,1151,32
1718,785,1508,32
1719,758,1384,32
1720,157,1300,32
1721,761,1509,32
1722,769,1510,32
1723,258,1395,32
1724,400,1213,32
1725,345,1244,32
1726,540,1438,32
1727,764,1437,32
1728,643,1210,32
1729,755,1133,32
1730,735,1304,32
1731,199,1273,32
1732,693,1490,32
1733,345,1376,32
1734,82,1201,32
1735,345,1518,32
1736,197,1224,32
1737,683,1269,32
1738,702,1324,32
1739,735,1173,32
1740,786,1134,32
1741,760,1508,32
1742,787,1245,32
1743,25,1279,32
1744,207,1279,32
1745,735,1239,32
1746,265,1329,32
1747,161,1133,32
1748,141,1236,32
1749,45,1328,33
1750,252,1315,33
1751,33,1154,33
1752,17,1424,33
1753,788,1188,33
1754,239,1254,33
1755,731,1330,33
1756,239,1405,33
1757,789,1519,33
1758,53,1442,33
1759,790,1403,33
1760,278,1334,33
1761,791,1156,33
1762,53,1182,33
1763,609,1269,33
1764,16,1329,33
1765,792,1332,33
1766,53,1293,33
1767,53,1245,33
1768,646,1134,33
1769,793,1135,33
1770,793,1302,33
1771,794,1145,33
1772,166,1253,33
1773,795,1496,33
1774,17,1173,33
1775,360,1354,33
1776,17,1239,33
1777,212,1380,33
1778,3,1128,33
1779,157,1300,33
1780,783,1517,33
1781,440,1173,33
1782,780,1285,33
1783,782,1516,33
1784,796,1520,33
1785,141,1236,33
1786,640,1131,33
1787,29,1151,33
1788,724,1130,33
1789,87,1172,33
1790,540,1438,33
1791,240,1307,33
1792,797,1521,33
1793,798,1522,33
1794,799,1304,33
1795,239,1338,33
1796,239,1422,33
1797,280,1245,33
1798,781,1287,33
1799,800,1517,33
1800,792,1190,33
1801,743,1497,33
1802,801,1513,33
1803,802,1521,33
1804,650,1346,33
1805,229,1245,33
1806,803,1265,34
1807,804,1513,34
1808,50,1239,34
1809,540,1438,34
1810,805,1523,34
1811,50,1173,34
1812,197,1224,34
1813,806,1292,34
1814,218,1147,34
1815,275,1333,34
1816,622,1297,34
1817,807,1521,34
1818,306,1524,34
1819,808,1219,34
1820,809,1521,34
1821,666,1302,34
1822,37,1158,34
1823,810,1181,34
1824,191,1263,34
1825,778,1488,34
1826,811,1302,34
1827,812,1292,34
1828,787,1245,34
1829,813,1525,34
1830,306,1522,34
1831,22,1145,34
1832,736,1380,34
1833,814,1426,34
1834,438,1175,34
1835,29,1151,34
1836,378,1333,34
1837,92,1239,34
1838,795,1496,34
1839,239,1149,34
1840,765,1415,34
1841,783,1517,34
1842,141,1236,34
1843,50,1304,34
1844,650,1346,34
1845,788,1361,34
1846,815,1276,34
1847,186,1262,34
1848,782,1516,34
1849,646,1134,34
1850,816,1273,34
1851,252,1315,34
1852,92,1304,34
1853,266,1305,34
1854,773,1511,34
1855,817,1355,34
1856,637,1239,34
1857,561,1356,34
1858,157,1300,34
1859,280,1245,34
1860,818,1521,34
1861,819,1521,34
1862,820,1463,34
1863,12,1265,35
1864,420,1196,35
1865,778,1488,35
1866,330,1526,35
1867,547,1442,35
1868,226,1295,35
1869,33,1527,35
1870,821,1145,35
1871,822,1528,35
1872,823,1504,35
1873,371,1370,35
1874,824,1529,35
1875,825,1521,35
1876,143,1240,35
1877,826,1473,35
1878,827,1300,35
1879,218,1147,35
1880,828,1530,35
1881,252,1315,35
1882,272,1321,35
1883,22,1145,35
1884,306,1520,35
1885,280,1245,35
1886,642,1276,35
1887,829,1189,35
1888,813,1525,35
1889,26,1189,35
1890,815,1276,35
1891,540,1438,35
1892,37,1158,35
1893,266,1305,35
1894,288,1266,35
1895,240,1307,35
1896,275,1333,35
1897,830,1529,35
1898,831,1338,35
1899,306,1276,35
1900,12,1302,35
1901,261,1325,35
1902,832,1324,35
1903,438,1175,35
1904,298,1267,35
1905,378,1333,35
1906,263,1327,35
1907,833,1271,35
1908,834,1531,35
1909,219,1285,35
1910,835,1135,35
1911,510,1265,36
1912,789,1519,36
1913,833,1271,36
1914,540,1438,36
1915,836,1206,36
1916,650,1346,36
1917,275,1333,36
1918,837,1532,36
1919,302,1179,36
1920,838,1533,36
1921,26,1534,36
1922,484,1193,36
1923,839,1535,36
1924,840,1219,36
1925,12,1265,36
1926,146,1242,36
1927,841,1446,36
1928,842,1536,36
1929,843,1537,36
1930,844,1435,36
1931,845,1538,36
1932,45,1292,36
1933,845,1495,36
1934,89,1206,36
1935,846,1243,36
1936,847,1485,36
1937,547,1442,36
1938,316,1353,36
1939,378,1333,36
1940,438,1175,36
1941,813,1525,36
1942,848,1133,36
1943,822,1528,36
1944,363,1330,36
1945,306,1330,36
1946,371,1370,36
1947,831,1338,36
1948,218,1147,36
1949,272,1321,36
1950,778,1488,36
1951,828,1265,36
1952,647,1539,36
1953,284,1339,36
1954,186,1262,36
1955,849,1276,36
1956,327,1167,36
1957,362,1225,36
1958,642,1276,36
1959,45,1516,36
1960,226,1295,36
1961,37,1158,36
1962,850,1540,36
1963,193,1541,37
1964,851,1336,37
1965,852,1188,37
1966,39,1477,37
1967,853,1303,37
1968,840,1219,37
1969,854,1188,37
1970,809,1521,37
1971,263,1327,37
1972,226,1295,37
1973,855,1362,37
1974,360,1354,37
1975,643,1210,37
1976,220,1299,37
1977,856,1513,37
1978,408,1154,37
1979,306,1302,37
1980,220,1542,37
1981,291,1521,37
1982,208,1541,37
1983,426,1400,37
1984,857,1543,37
1985,858,1165,37
1986,35,1156,37
1987,859,1449,37
1988,642,1276,37
1989,196,1271,37
1990,792,1190,37
1991,860,1544,37
1992,218,1147,37
1993,789,1519,37
1994,211,1282,37
1995,50,1539,37
1996,540,1438,37
1997,284,1339,37
1998,822,1528,37
1999,438,1175,37
2000,249,1463,37
2001,308,1302,37
2002,861,1545,37
2003,633,1476,37
2004,37,1158,37
2005,861,1179,37
2006,272,1321,37
2007,862,1336,37
2008,863,1190,37
2009,864,1486,37
2010,275,1333,37
2011,78,1197,37
2012,849,1276,37
2013,332,1135,37
2014,650,1346,37
2015,89,1206,37
2016,383,1379,37
2017,525,1378,38
2018,503,1318,38
2019,435,1208,38
2020,817,1356,38
2021,317,1250,38
2022,865,1506,38
2023,782,1516,38
2024,866,1546,38
2025,291,1521,38
2026,194,1268,38
2027,867,1547,38
2028,675,1486,38
2029,35,1156,38
2030,164,1276,38
2031,868,1483,38
2032,275,1333,38
2033,425,1548,38
2034,378,1333,38
2035,869,1167,38
2036,870,1302,38
2037,871,1549,38
2038,92,1236,38
2039,789,1519,38
2040,540,1438,38
2041,577,1164,38
2042,857,1543,38
2043,666,1302,38
2044,643,1210,38
2045,39,1477,38
2046,524,1430,38
2047,853,1303,38
2048,822,1528,38
2049,306,1520,38
2050,369,1362,38
2051,434,1401,38
2052,369,1449,38
2053,872,1549,38
2054,873,1193,38
2055,874,1521,38
2056,501,1417,38
2057,875,1550,38
2058,371,1370,38
2059,316,1353,38
2060,290,1341,38
2061,226,1295,38
2062,876,1474,38
2063,278,1334,39
2064,787,1245,39
2065,373,1372,39
2066,877,1167,39
2067,705,1250,39
2068,878,1431,39
2069,773,1511,39
2070,99,1485,39
2071,316,1353,39
2072,427,1521,39
2073,26,1521,39
2074,879,1271,39
2075,880,1361,39
2076,68,1210,39
2077,881,1318,39
2078,806,1292,39
2079,39,1160,39
2080,882,1383,39
2081,368,1369,39
2082,99,1211,39
2083,883,1551,39
2084,16,1347,39
2085,884,1276,39
2086,442,1405,39
2087,608,1552,39
2088,22,1145,39
2089,885,1379,39
2090,870,1130,39
2091,886,1553,39
2092,501,1417,39
2093,887,1497,39
2094,198,1272,39
2095,869,1167,39
2096,35,1156,39
2097,380,1377,39
2098,888,1548,39
2099,186,1262,39
2100,889,1554,39
2101,157,1300,39
2102,890,1555,39
2103,822,1528,39
2104,275,1333,39
2105,369,1449,39
2106,264,1441,39
2107,845,1556,39
2108,860,1544,39
2109,891,1338,39
2110,425,1548,39
2111,853,1303,39
2112,892,1186,39
2113,772,1521,39
2114,845,1495,39
2115,893,1549,39
2116,225,1534,39
2117,435,1208,39
2118,45,1318,39
2119,871,1549,39
2120,268,1328,39
2121,346,1282,39
2122,558,1445,39
2123,894,1494,40
2124,880,1361,40
2125,317,1203,40
2126,340,1557,40
2127,381,1378,40
2128,895,1276,40
2129,896,1558,40
2130,146,1242,40
2131,897,1436,40
2132,401,1387,40
2133,316,1353,40
2134,474,1318,40
2135,885,1379,40
2136,898,1559,40
2137,899,1521,40
2138,900,1318,40
2139,312,1470,40
2140,252,1315,40
2141,225,1534,40
2142,901,1560,40
2143,902,1560,40
2144,434,1401,40
2145,903,1561,40
2146,161,1133,40
2147,306,1520,40
2148,505,1219,40
2149,441,1302,40
2150,51,1544,40
2151,904,1423,40
2152,905,1182,40
2153,606,1464,40
2154,485,1423,40
2155,35,1156,40
2156,38,1562,40
2157,884,1276,40
2158,99,1211,40
2159,39,1160,40
2160,822,1528,40
2161,78,1563,40
2162,860,1544,40
2163,237,1303,40
2164,906,1564,40
2165,907,1397,40
2166,890,1555,40
2167,368,1369,40
2168,799,1303,40
2169,369,1449,40
2170,908,1163,40
2171,909,1189,40
2172,910,1559,40
2173,371,1370,40
2174,871,1549,40
2175,99,1355,40
2176,911,1565,40
2177,792,1188,40
2178,912,1318,40
2179,792,1332,40
2180,400,1213,40
2181,889,1554,40
2182,853,1303,40
2183,913,1167,40
2184,754,1228,40
2185,566,1302,41
2186,914,1302,41
2187,397,1216,41
2188,915,1189,41
2189,916,1314,41
2190,917,1318,41
2191,918,1521,41
2192,919,1334,41
2193,454,1203,41
2194,903,1306,41
2195,478,1372,41
2196,620,1544,41
2197,291,1163,41
2198,920,1138,41
2199,426,1400,41
2200,454,1420,41
2201,404,1480,41
2202,454,1133,41
2203,501,1417,41
2204,871,1549,41
2205,62,1287,41
2206,921,1303,41
2207,480,1411,41
2208,376,1374,41
2209,922,1196,41
2210,332,1265,41
2211,906,1564,41
2212,454,1179,41
2213,923,1141,41
2214,416,1318,41
2215,454,1447,41
2216,608,1421,41
2217,45,1314,41
2218,924,1475,41
2219,33,1178,41
2220,925,1470,41
2221,926,1302,41
2222,35,1156,41
2223,927,1264,41
2224,319,1354,41
2225,64,1186,41
2226,454,1426,41
2227,796,1520,41
2228,853,1303,41
2229,928,1254,41
2230,371,1370,41
2231,580,1468,41
2232,359,1343,41
2233,78,1563,41
2234,929,1560,41
2235,434,1401,41
2236,930,1566,41
2237,39,1160,41
2238,441,1302,41
2239,913,1203,41
2240,306,1520,41
2241,368,1369,41
2242,901,1560,41
2243,307,1214,41
2244,606,1464,41
2245,822,1528,41
2246,547,1442,41
2247,931,1163,41
2248,485,1423,41
2249,3,1128,41
2250,167,1517,41
2251,146,1242,41
2252,932,1521,41
2253,813,1256,41
2254,896,1558,41
2255,889,1554,41
2256,933,1567,41
2257,441,1135,41
2258,188,1276,41
2259,306,1330,41
2260,934,1133,41
2261,161,1133,41
2262,935,1284,41
2263,936,1302,41
2264,198,1272,41
2265,813,1525,41
2266,243,1308,41
2267,401,1387,41
2268,937,1553,41
2269,387,1413,42
2270,938,1196,42
2271,939,1568,42
2272,769,1510,42
2273,940,1569,42
2274,941,1382,42
2275,220,1286,42
2276,807,1521,42
2277,425,1548,42
2278,924,1168,42
2279,942,1131,42
2280,943,1144,42
2281,402,1381,42
2282,359,1343,42
2283,404,1480,42
2284,944,1368,42
2285,45,1216,42
2286,945,1536,42
2287,566,1302,42
2288,38,1562,42
2289,263,1327,42
2290,946,1465,42
2291,26,1317,42
2292,947,1570,42
2293,444,1211,42
2294,948,1571,42
2295,949,1572,42
2296,950,1552,42
2297,890,1555,42
2298,951,1127,42
2299,117,1224,42
2300,952,1573,42
2301,953,1574,42
2302,954,1219,42
2303,955,1519,42
2304,955,1510,42
2305,412,1345,42
2306,752,1507,42
2307,956,1302,42
2308,243,1308,42
2309,957,1552,42
2310,171,1183,42
2311,958,1575,42
2312,905,1182,42
2313,92,1236,42
2314,853,1303,42
2315,608,1552,42
2316,65,1187,42
2317,501,1417,42
2318,275,1333,42
2319,959,1183,42
2320,960,1266,42
2321,548,1398,42
2322,383,1576,42
2323,706,1324,42
2324,480,1411,42
2325,626,1470,42
2326,961,1329,42
2327,188,1276,42
2328,889,1554,42
2329,78,1563,42
2330,144,1241,42
2331,783,1517,42
2332,21,1144,42
2333,936,1302,42
2334,961,1243,42
2335,749,1506,42
2336,915,1189,42
2337,508,1422,42
2338,962,1541,42
2339,963,1506,42
2340,911,1252,42
2341,96,1130,42
2342,435,1208,42
2343,860,1544,42
2344,822,1528,42
2345,380,1377,42
2346,761,1509,42
2347,896,1558,42
2348,608,1577,42
2349,438,1175,42
2350,478,1372,42
2351,26,1302,42
2352,371,1370,42
2353,902,1302,42
2354,397,1216,42
2355,812,1256,43
2356,964,1578,43
2357,26,1578,43
2358,548,1398,43
2359,677,1578,43
2360,965,1302,43
2361,812,1292,43
2362,590,1372,43
2363,303,1346,43
2364,74,1447,43
2365,263,1327,43
2366,966,1487,43
2367,117,1256,43
2368,902,1573,43
2369,333,1521,43
2370,967,1256,43
2371,822,1528,43
2372,951,1127,43
2373,968,1566,43
2374,969,1303,43
2375,970,1267,43
2376,921,1303,43
2377,971,1517,43
2378,972,1573,43
2379,886,1553,43
2380,951,1374,43
2381,799,1303,43
2382,973,1431,43
2383,974,1420,43
2384,241,1216,43
2385,975,1338,43
2386,415,1302,43
2387,25,1578,43
2388,896,1558,43
2389,723,1578,43
2390,865,1506,43
2391,976,1521,43
2392,181,1578,43
2393,243,1308,43
2394,874,1579,43
2395,269,1219,43
2396,45,1276,43
2397,977,1340,43
2398,608,1552,43
2399,978,1457,43
2400,401,1387,43
2401,761,1509,43
2402,979,1497,43
2403,161,1133,43
2404,980,1521,43
2405,947,1570,43
2406,311,1350,43
2407,782,1516,43
2408,416,1219,43
2409,981,1224,43
2410,219,1285,43
2411,547,1442,43
2412,982,1278,43
2413,983,1317,43
2414,948,1571,43
2415,380,1377,43
2416,508,1422,43
2417,953,1574,43
2418,984,1302,43
2419,890,1555,43
2420,985,1580,43
2421,986,1581,43
2422,769,1510,43
2423,65,1187,43
2424,306,1252,43
2425,752,1507,43
2426,987,1552,43
2427,117,1224,43
2428,117,1292,43
2429,306,1276,43
2430,333,1265,43
2431,246,1310,43
2432,643,1210,43
2433,988,1521,43
2434,480,1411,43
2435,989,1521,43
2436,371,1370,43
2437,136,1320,43
2438,33,1378,43
2439,959,1378,43
2440,866,1546,43
2441,522,1194,43
2442,364,1189,43
2443,632,1475,43
2444,889,1554,43
2445,258,1395,43
2446,970,1379,43
2447,990,1447,43
2448,991,1204,44
2449,553,1302,44
2450,356,1234,44
2451,632,1475,44
2452,992,1355,44
2453,993,1202,44
2454,146,1242,44
2455,978,1457,44
2456,659,1372,44
2457,303,1346,44
2458,684,1582,44
2459,994,1161,44
2460,605,1462,44
2461,889,1554,44
2462,653,1445,44
2463,995,1530,44
2464,447,1275,44
2465,996,1277,44
2466,732,1318,44
2467,26,1161,44
2468,359,1343,44
2469,548,1204,44
2470,547,1442,44
2471,997,1583,44
2472,998,1267,44
2473,999,1461,44
2474,228,1275,44
2475,501,1417,44
2476,730,1480,44
2477,860,1544,44
2478,611,1210,44
2479,822,1528,44
2480,156,1223,44
2481,1000,1579,44
2482,264,1219,44
2483,37,1158,44
2484,1001,1288,44
2485,1002,1210,44
2486,1003,1303,44
2487,1004,1564,44
2488,1005,1584,44
2489,857,1543,44
2490,263,1327,44
2491,368,1369,44
2492,419,1370,44
2493,780,1546,44
2494,650,1346,44
2495,951,1127,44
2496,525,1219,44
2497,415,1265,44
2498,507,1421,44
2499,890,1555,44
2500,397,1216,44
2501,401,1387,44
2502,761,1509,44
2503,976,1521,44
2504,896,1558,44
2505,752,1507,44
2506,219,1285,44
2507,951,1374,44
2508,980,1521,44
2509,990,1447,44
2510,1006,1518,44
2511,1007,1372,44
2512,955,1315,44
2513,1008,1464,44
2514,459,1133,44
2515,26,1583,44
2516,1009,1222,44
2517,675,1486,44
2518,968,1566,44
2519,416,1244,44
2520,329,1359,44
2521,209,1280,44
2522,1010,1585,44
2523,1011,1552,44
2524,1012,1388,44
2525,1013,1486,44
2526,865,1506,44
2527,995,1540,44
2528,74,1447,44
2529,986,1581,44
2530,393,1465,44
2531,246,1310,44
2532,3,1128,44
2533,910,1559,44
2534,1014,1586,45
2535,119,1304,45
2536,1015,1404,45
2537,1016,1250,45
2538,625,1262,45
2539,988,1521,45
2540,547,1442,45
2541,1017,1572,45
2542,692,1489,45
2543,1018,1137,45
2544,435,1208,45
2545,1019,1466,45
2546,1020,1489,45
2547,1021,1303,45
2548,791,1472,45
2549,865,1506,45
2550,30,1152,45
2551,1022,1587,45
2552,401,1387,45
2553,1023,1588,45
2554,480,1411,45
2555,37,1158,45
2556,1024,1265,45
2557,303,1346,45
2558,611,1210,45
2559,1025,1188,45
2560,1026,1497,45
2561,45,1336,45
2562,1027,1589,45
2563,88,1205,45
2564,1028,1579,45
2565,629,1472,45
2566,99,1211,45
2567,68,1210,45
2568,1029,1303,45
2569,246,1310,45
2570,99,1355,45
2571,426,1400,45
2572,220,1590,45
2573,249,1463,45
2574,35,1156,45
2575,397,1216,45
2576,1030,1549,45
2577,404,1480,45
2578,26,1297,45
2579,925,1570,45
2580,857,1543,45
2581,192,1266,45
2582,1031,1472,45
2583,822,1528,45
2584,359,1343,45
2585,220,1286,45
2586,1032,1506,45
2587,860,1544,45
2588,298,1267,45
2589,761,1509,45
2590,980,1521,45
2591,501,1417,45
2592,996,1178,45
2593,228,1275,45
2594,514,1412,45
2595,546,1237,45
2596,1033,1388,45
2597,1034,1591,45
2598,186,1262,45
2599,243,1308,45
2600,953,1574,45
2601,896,1558,45
2602,1035,1390,45
2603,119,1225,45
2604,136,1480,45
2605,507,1421,45
2606,1036,1323,45
2607,447,1278,45
2608,1037,1550,45
2609,447,1380,45
2610,447,1267,45
2611,3,1128,45
2612,969,1303,45
2613,156,1223,46
2614,721,1497,46
2615,1038,1592,46
2616,358,1229,46
2617,761,1509,46
2618,67,1232,46
2619,1039,1593,46
2620,1040,1216,46
2621,1009,1222,46
2622,1041,1570,46
2623,1042,1223,46
2624,333,1521,46
2625,1042,1320,46
2626,741,1594,46
2627,650,1346,46
2628,1031,1472,46
2629,194,1268,46
2630,473,1517,46
2631,876,1474,46
2632,232,1241,46
2633,1043,1595,46
2634,356,1234,46
2635,317,1356,46
2636,629,1472,46
2637,317,1355,46
2638,396,1386,46
2639,82,1480,46
2640,1044,1141,46
2641,1045,1594,46
2642,154,1463,46
2643,1046,1318,46
2644,28,1150,46
2645,45,1431,46
2646,1047,1596,46
2647,380,1377,46
2648,1048,1133,46
2649,1049,1431,46
2650,249,1463,46
2651,953,1574,46
2652,444,1211,46
2653,96,1130,46
2654,501,1417,46
2655,35,1156,46
2656,717,1368,46
2657,1050,1528,46
2658,37,1158,46
2659,1027,1589,46
2660,996,1160,46
2661,561,1356,46
2662,3,1128,46
2663,822,1528,46
2664,389,1302,46
2665,632,1475,46
2666,1051,1597,46
2667,562,1446,46
2668,1052,1410,46
2669,965,1302,46
2670,980,1521,46
2671,1053,1530,46
2672,1054,1598,46
2673,66,1188,46
2674,68,1210,46
2675,312,1470,46
2676,368,1369,46
2677,389,1265,46
2678,1055,1183,46
2679,1056,1253,46
2680,1023,1588,46
2681,1030,1549,46
2682,997,1599,46
2683,312,1351,46
2684,435,1208,47
2685,871,1549,47
2686,312,1470,47
2687,1027,1589,47
2688,1057,1449,47
2689,1058,1302,47
2690,317,1133,47
2691,1059,1303,47
2692,1060,1376,47
2693,1061,1600,47
2694,561,1356,47
2695,1051,1413,47
2696,522,1194,47
2697,1062,1601,47
2698,658,1448,47
2699,258,1395,47
2700,39,1160,47
2701,1048,1133,47
2702,1002,1190,47
2703,311,1350,47
2704,99,1355,47
2705,1063,1335,47
2706,649,1449,47
2707,1004,1564,47
2708,925,1570,47
2709,1036,1323,47
2710,404,1480,47
2711,890,1555,47
2712,1064,1602,47
2713,1065,1242,47
2714,860,1544,47
2715,494,1414,47
2716,1066,1570,47
2717,267,1271,47
2718,3,1128,47
2719,1067,1133,47
2720,1068,1267,47
2721,441,1302,47
2722,45,1603,47
2723,246,1310,47
2724,1069,1168,47
2725,220,1590,47
2726,632,1475,47
2727,953,1574,47
2728,28,1150,47
2729,741,1594,47
2730,1031,1472,47
2731,1047,1596,47
2732,68,1210,47
2733,1070,1363,47
2734,67,1603,47
2735,593,1458,47
2736,194,1268,47
2737,368,1369,47
2738,26,1573,47
2739,37,1158,47
2740,1060,1182,47
2741,317,1365,47
2742,822,1528,47
2743,1071,1511,47
2744,90,1490,47
2745,924,1475,47
2746,1072,1448,47
2747,965,1302,47
2748,876,1474,47
2749,1073,1521,47
2750,288,1266,47
2751,447,1181,47
2752,1074,1604,47
2753,1075,1521,47
2754,45,1480,47
2755,1076,1560,47
2756,980,1521,47
2757,1023,1588,47
2758,1077,1346,47
2759,99,1211,47
2760,870,1475,47
2761,317,1164,47
2762,380,1377,47
2763,324,1351,48
2764,1078,1408,48
2765,924,1475,48
2766,632,1475,48
2767,551,1605,48
2768,1079,1606,48
2769,551,1204,48
2770,608,1543,48
2771,1043,1595,48
2772,580,1225,48
2773,889,1554,48
2774,945,1413,48
2775,381,1154,48
2776,741,1594,48
2777,769,1510,48
2778,194,1268,48
2779,654,1483,48
2780,565,1342,48
2781,548,1419,48
2782,3,1128,48
2783,1080,1412,48
2784,8,1214,48
2785,645,1420,48
2786,45,1458,48
2787,311,1350,48
2788,860,1544,48
2789,1047,1596,48
2790,561,1356,48
2791,258,1395,48
2792,721,1497,48
2793,12,1302,48
2794,1081,1449,48
2795,78,1197,48
2796,1082,1497,48
2797,458,1409,48
2798,1083,1210,48
2799,885,1379,48
2800,947,1570,48
2801,764,1437,48
2802,986,1581,48
2803,1084,1607,48
2804,671,1239,48
2805,547,1442,48
2806,133,1194,48
2807,546,1409,48
2808,650,1346,48
2809,1085,1457,48
2810,30,1152,48
2811,1086,1282,48
2812,404,1161,48
2813,1036,1323,48
2814,1072,1448,48
2815,593,1458,48
2816,1048,1133,48
2817,953,1574,48
2818,380,1377,48
2819,37,1158,48
2820,1087,1236,48
2821,1088,1437,48
2822,202,1276,48
2823,401,1387,48
2824,1027,1589,48
2825,925,1470,48
2826,1089,1608,48
2827,1064,1602,48
2828,980,1521,48
2829,16,1261,48
2830,426,1400,48
2831,867,1547,48
2832,1090,1436,48
2833,1023,1588,48
2834,246,1310,48
2835,26,1161,48
2836,1091,1565,48
2837,1060,1518,48
2838,1092,1609,48
2839,866,1546,48
2840,471,1352,48
2841,890,1555,48
2842,26,1182,48
2843,1093,1182,48
2844,267,1271,48
2845,78,1563,48
2846,1094,1137,48
2847,1095,1342,48
2848,82,1201,48
2849,35,1156,48
2850,924,1475,49
2851,361,1131,49
2852,947,1610,49
2853,219,1285,49
2854,78,1563,49
2855,1096,1131,49
2856,1097,1532,49
2857,1098,1552,49
2858,8,1133,49
2859,249,1463,49
2860,548,1419,49
2861,980,1521,49
2862,1099,1250,49
2863,865,1506,49
2864,401,1387,49
2865,874,1530,49
2866,1100,1426,49
2867,426,1400,49
2868,715,1482,49
2869,1101,1464,49
2870,1102,1344,49
2871,160,1134,49
2872,373,1365,49
2873,1103,1529,49
2874,60,1184,49
2875,1104,1489,49
2876,373,1372,49
2877,1091,1565,49
2878,988,1521,49
2879,447,1532,49
2880,1099,1291,49
2881,388,1382,49
2882,11,1136,49
2883,727,1437,49
2884,735,1611,49
2885,629,1472,49
2886,45,1475,49
2887,1105,1438,49
2888,1106,1443,49
2889,1107,1249,49
2890,12,1265,49
2891,580,1468,49
2892,1108,1612,49
2893,986,1581,49
2894,82,1201,49
2895,867,1547,49
2896,1023,1588,49
2897,991,1605,49
2898,1036,1323,49
2899,947,1570,49
2900,1047,1596,49
2901,980,1189,49
2902,30,1152,49
2903,995,1540,49
2904,680,1457,49
2905,1079,1606,49
2906,1043,1595,49
2907,889,1554,49
2908,311,1350,49
2909,535,1302,49
2910,1082,1497,49
2911,979,1497,49
2912,1109,1521,49
2913,860,1544,49
2914,632,1475,49
2915,455,1388,49
2916,1110,1336,49
2917,658,1448,49
2918,41,1140,49
2919,565,1342,49
2920,258,1395,49
2921,1111,1228,49
2922,246,1310,49
2923,649,1449,50
2924,1112,1167,50
2925,1113,1228,50
2926,761,1509,50
2927,185,1256,50
2928,1023,1588,50
2929,512,1522,50
2930,1114,1284,50
2931,1115,1613,50
2932,769,1510,50
2933,1043,1595,50
2934,397,1216,50
2935,764,1437,50
2936,1116,1329,50
2937,566,1302,50
2938,1117,1161,50
2939,1118,1264,50
2940,25,1521,50
2941,593,1458,50
2942,961,1329,50
2943,1119,1614,50
2944,1120,1208,50
2945,401,1387,50
2946,681,1333,50
2947,147,1243,50
2948,310,1349,50
2949,202,1276,50
2950,1031,1472,50
2951,666,1302,50
2952,426,1400,50
2953,185,1292,50
2954,246,1310,50
2955,1121,1168,50
2956,1091,1565,50
2957,1122,1411,50
2958,889,1554,50
2959,980,1521,50
2960,160,1134,50
2961,671,1239,50
2962,868,1483,50
2963,373,1250,50
2964,986,1581,50
2965,1102,1344,50
2966,1079,1606,50
2967,1036,1323,50
2968,766,1228,50
2969,1123,1133,50
2970,551,1419,50
2971,979,1497,50
2972,1124,1615,50
2973,1106,1443,50
2974,654,1483,50
2975,373,1372,50
2976,30,1152,50
2977,727,1437,50
2978,632,1475,50
2979,494,1356,50
